{
  "k1": 1.5,
  "b": 0.75,
  "use_stemming": true,
  "remove_stopwords": true,
  "min_term_freq": 1,
  "chunk_ids": [
    "chunk_0",
    "chunk_1",
    "chunk_2",
    "chunk_3",
    "chunk_4",
    "chunk_5",
    "chunk_6",
    "chunk_7",
    "chunk_8",
    "chunk_9",
    "chunk_10",
    "chunk_11",
    "chunk_12",
    "chunk_13",
    "chunk_14",
    "chunk_15",
    "chunk_16",
    "chunk_17",
    "chunk_18",
    "chunk_19",
    "chunk_20",
    "chunk_21",
    "chunk_22",
    "chunk_23",
    "chunk_24",
    "chunk_25",
    "chunk_26",
    "chunk_27",
    "chunk_28",
    "chunk_29",
    "chunk_30",
    "chunk_31",
    "chunk_32",
    "chunk_33",
    "chunk_34",
    "chunk_35",
    "chunk_36",
    "chunk_37",
    "chunk_38",
    "chunk_39",
    "chunk_40",
    "chunk_41",
    "chunk_42",
    "chunk_43",
    "chunk_44",
    "chunk_45",
    "chunk_46",
    "chunk_47",
    "chunk_48",
    "chunk_49",
    "chunk_50",
    "chunk_51",
    "chunk_52",
    "chunk_53",
    "chunk_54",
    "chunk_55",
    "chunk_56",
    "chunk_57",
    "chunk_58",
    "chunk_59",
    "chunk_60",
    "chunk_61",
    "chunk_62",
    "chunk_63",
    "chunk_64",
    "chunk_65",
    "chunk_66",
    "chunk_67",
    "chunk_68",
    "chunk_69",
    "chunk_70",
    "chunk_71",
    "chunk_72",
    "chunk_73",
    "chunk_74",
    "chunk_75",
    "chunk_76",
    "chunk_77",
    "chunk_78",
    "chunk_79",
    "chunk_80",
    "chunk_81",
    "chunk_82",
    "chunk_83",
    "chunk_84",
    "chunk_85",
    "chunk_86",
    "chunk_87",
    "chunk_88",
    "chunk_89",
    "chunk_90",
    "chunk_91",
    "chunk_92",
    "chunk_93",
    "chunk_94",
    "chunk_95",
    "chunk_96",
    "chunk_97",
    "chunk_98",
    "chunk_99",
    "chunk_100",
    "chunk_101",
    "chunk_102",
    "chunk_103",
    "chunk_104",
    "chunk_105",
    "chunk_106",
    "chunk_107",
    "chunk_108",
    "chunk_109",
    "chunk_110",
    "chunk_111",
    "chunk_112",
    "chunk_113",
    "chunk_114",
    "chunk_115",
    "chunk_116",
    "chunk_117",
    "chunk_118",
    "chunk_119",
    "chunk_120",
    "chunk_121",
    "chunk_122",
    "chunk_123",
    "chunk_124",
    "chunk_125",
    "chunk_126",
    "chunk_127",
    "chunk_128",
    "chunk_129",
    "chunk_130",
    "chunk_131",
    "chunk_132",
    "chunk_133",
    "chunk_134",
    "chunk_135",
    "chunk_136",
    "chunk_137",
    "chunk_138",
    "chunk_139",
    "chunk_140",
    "chunk_141",
    "chunk_142",
    "chunk_143",
    "chunk_144",
    "chunk_145",
    "chunk_146",
    "chunk_147",
    "chunk_148",
    "chunk_149",
    "chunk_150",
    "chunk_151",
    "chunk_152",
    "chunk_153",
    "chunk_154",
    "chunk_155",
    "chunk_156",
    "chunk_157",
    "chunk_158",
    "chunk_159",
    "chunk_160",
    "chunk_161",
    "chunk_162",
    "chunk_163",
    "chunk_164",
    "chunk_165",
    "chunk_166",
    "chunk_167",
    "chunk_168",
    "chunk_169",
    "chunk_170",
    "chunk_171",
    "chunk_172",
    "chunk_173",
    "chunk_174",
    "chunk_175",
    "chunk_176",
    "chunk_177",
    "chunk_178",
    "chunk_179",
    "chunk_180",
    "chunk_181",
    "chunk_182",
    "chunk_183",
    "chunk_184",
    "chunk_185",
    "chunk_186",
    "chunk_187",
    "chunk_188",
    "chunk_189",
    "chunk_190",
    "chunk_191",
    "chunk_192",
    "chunk_193",
    "chunk_194",
    "chunk_195",
    "chunk_196",
    "chunk_197",
    "chunk_198",
    "chunk_199",
    "chunk_200",
    "chunk_201",
    "chunk_202",
    "chunk_203",
    "chunk_204",
    "chunk_205",
    "chunk_206",
    "chunk_207",
    "chunk_208",
    "chunk_209",
    "chunk_210",
    "chunk_211",
    "chunk_212",
    "chunk_213",
    "chunk_214",
    "chunk_215",
    "chunk_216",
    "chunk_217",
    "chunk_218",
    "chunk_219",
    "chunk_220",
    "chunk_221",
    "chunk_222",
    "chunk_223",
    "chunk_224",
    "chunk_225",
    "chunk_226",
    "chunk_227",
    "chunk_228",
    "chunk_229",
    "chunk_230",
    "chunk_231",
    "chunk_232",
    "chunk_233",
    "chunk_234",
    "chunk_235",
    "chunk_236",
    "chunk_237",
    "chunk_238",
    "chunk_239",
    "chunk_240",
    "chunk_241",
    "chunk_242",
    "chunk_243",
    "chunk_244",
    "chunk_245",
    "chunk_246",
    "chunk_247",
    "chunk_248",
    "chunk_249",
    "chunk_250",
    "chunk_251",
    "chunk_252",
    "chunk_253",
    "chunk_254",
    "chunk_255",
    "chunk_256",
    "chunk_257",
    "chunk_258",
    "chunk_259",
    "chunk_260",
    "chunk_261",
    "chunk_262",
    "chunk_263",
    "chunk_264",
    "chunk_265",
    "chunk_266",
    "chunk_267",
    "chunk_268",
    "chunk_269",
    "chunk_270",
    "chunk_271",
    "chunk_272",
    "chunk_273",
    "chunk_274",
    "chunk_275",
    "chunk_276",
    "chunk_277",
    "chunk_278",
    "chunk_279",
    "chunk_280",
    "chunk_281",
    "chunk_282",
    "chunk_283",
    "chunk_284",
    "chunk_285",
    "chunk_286",
    "chunk_287",
    "chunk_288",
    "chunk_289",
    "chunk_290",
    "chunk_291",
    "chunk_292",
    "chunk_293",
    "chunk_294",
    "chunk_295",
    "chunk_296",
    "chunk_297",
    "chunk_298",
    "chunk_299",
    "chunk_300",
    "chunk_301",
    "chunk_302",
    "chunk_303",
    "chunk_304",
    "chunk_305",
    "chunk_306",
    "chunk_307",
    "chunk_308",
    "chunk_309",
    "chunk_310",
    "chunk_311",
    "chunk_312",
    "chunk_313",
    "chunk_314",
    "chunk_315",
    "chunk_316",
    "chunk_317",
    "chunk_318",
    "chunk_319",
    "chunk_320",
    "chunk_321",
    "chunk_322",
    "chunk_323",
    "chunk_324",
    "chunk_325",
    "chunk_326",
    "chunk_327",
    "chunk_328",
    "chunk_329",
    "chunk_330",
    "chunk_331",
    "chunk_332",
    "chunk_333",
    "chunk_334",
    "chunk_335",
    "chunk_336",
    "chunk_337",
    "chunk_338",
    "chunk_339",
    "chunk_340",
    "chunk_341",
    "chunk_342",
    "chunk_343",
    "chunk_344",
    "chunk_345",
    "chunk_346",
    "chunk_347",
    "chunk_348",
    "chunk_349",
    "chunk_350",
    "chunk_351",
    "chunk_352",
    "chunk_353",
    "chunk_354",
    "chunk_355",
    "chunk_356",
    "chunk_357",
    "chunk_358",
    "chunk_359",
    "chunk_360",
    "chunk_361",
    "chunk_362",
    "chunk_363",
    "chunk_364",
    "chunk_365",
    "chunk_366",
    "chunk_367",
    "chunk_368",
    "chunk_369",
    "chunk_370",
    "chunk_371",
    "chunk_372",
    "chunk_373",
    "chunk_374",
    "chunk_375",
    "chunk_376",
    "chunk_377",
    "chunk_378",
    "chunk_379",
    "chunk_380",
    "chunk_381",
    "chunk_382",
    "chunk_383",
    "chunk_384",
    "chunk_385",
    "chunk_386",
    "chunk_387",
    "chunk_388",
    "chunk_389",
    "chunk_390",
    "chunk_391",
    "chunk_392",
    "chunk_393",
    "chunk_394",
    "chunk_395",
    "chunk_396",
    "chunk_397",
    "chunk_398",
    "chunk_399",
    "chunk_400",
    "chunk_401",
    "chunk_402",
    "chunk_403",
    "chunk_404",
    "chunk_405",
    "chunk_406",
    "chunk_407",
    "chunk_408",
    "chunk_409",
    "chunk_410",
    "chunk_411",
    "chunk_412",
    "chunk_413",
    "chunk_414",
    "chunk_415",
    "chunk_416",
    "chunk_417",
    "chunk_418",
    "chunk_419",
    "chunk_420",
    "chunk_421",
    "chunk_422",
    "chunk_423",
    "chunk_424",
    "chunk_425",
    "chunk_426",
    "chunk_427",
    "chunk_428",
    "chunk_429",
    "chunk_430",
    "chunk_431",
    "chunk_432",
    "chunk_433",
    "chunk_434",
    "chunk_435",
    "chunk_436",
    "chunk_437",
    "chunk_438",
    "chunk_439",
    "chunk_440",
    "chunk_441",
    "chunk_442",
    "chunk_443",
    "chunk_444",
    "chunk_445",
    "chunk_446",
    "chunk_447",
    "chunk_448",
    "chunk_449",
    "chunk_450",
    "chunk_451",
    "chunk_452",
    "chunk_453",
    "chunk_454",
    "chunk_455",
    "chunk_456",
    "chunk_457",
    "chunk_458",
    "chunk_459",
    "chunk_460",
    "chunk_461",
    "chunk_462",
    "chunk_463",
    "chunk_464",
    "chunk_465",
    "chunk_466",
    "chunk_467",
    "chunk_468",
    "chunk_469",
    "chunk_470",
    "chunk_471",
    "chunk_472",
    "chunk_473",
    "chunk_474",
    "chunk_475",
    "chunk_476",
    "chunk_477",
    "chunk_478",
    "chunk_479",
    "chunk_480",
    "chunk_481",
    "chunk_482",
    "chunk_483",
    "chunk_484",
    "chunk_485",
    "chunk_486",
    "chunk_487",
    "chunk_488",
    "chunk_489",
    "chunk_490",
    "chunk_491",
    "chunk_492",
    "chunk_493",
    "chunk_494",
    "chunk_495",
    "chunk_496",
    "chunk_497",
    "chunk_498",
    "chunk_499",
    "chunk_500",
    "chunk_501",
    "chunk_502",
    "chunk_503",
    "chunk_504",
    "chunk_505",
    "chunk_506",
    "chunk_507",
    "chunk_508",
    "chunk_509",
    "chunk_510",
    "chunk_511",
    "chunk_512",
    "chunk_513",
    "chunk_514",
    "chunk_515",
    "chunk_516",
    "chunk_517",
    "chunk_518",
    "chunk_519",
    "chunk_520",
    "chunk_521",
    "chunk_522",
    "chunk_523",
    "chunk_524",
    "chunk_525",
    "chunk_526",
    "chunk_527",
    "chunk_528",
    "chunk_529",
    "chunk_530",
    "chunk_531",
    "chunk_532",
    "chunk_533",
    "chunk_534",
    "chunk_535",
    "chunk_536",
    "chunk_537",
    "chunk_538",
    "chunk_539",
    "chunk_540",
    "chunk_541",
    "chunk_542",
    "chunk_543",
    "chunk_544",
    "chunk_545",
    "chunk_546",
    "chunk_547",
    "chunk_548",
    "chunk_549",
    "chunk_550",
    "chunk_551",
    "chunk_552",
    "chunk_553",
    "chunk_554",
    "chunk_555",
    "chunk_556",
    "chunk_557",
    "chunk_558",
    "chunk_559",
    "chunk_560",
    "chunk_561",
    "chunk_562",
    "chunk_563",
    "chunk_564",
    "chunk_565",
    "chunk_566",
    "chunk_567",
    "chunk_568",
    "chunk_569",
    "chunk_570",
    "chunk_571",
    "chunk_572",
    "chunk_573",
    "chunk_574",
    "chunk_575",
    "chunk_576",
    "chunk_577",
    "chunk_578",
    "chunk_579",
    "chunk_580",
    "chunk_581",
    "chunk_582",
    "chunk_583",
    "chunk_584",
    "chunk_585",
    "chunk_586",
    "chunk_587",
    "chunk_588",
    "chunk_589",
    "chunk_590",
    "chunk_591",
    "chunk_592",
    "chunk_593",
    "chunk_594",
    "chunk_595",
    "chunk_596",
    "chunk_597",
    "chunk_598",
    "chunk_599",
    "chunk_600",
    "chunk_601",
    "chunk_602",
    "chunk_603",
    "chunk_604",
    "chunk_605",
    "chunk_606",
    "chunk_607",
    "chunk_608",
    "chunk_609",
    "chunk_610",
    "chunk_611",
    "chunk_612",
    "chunk_613",
    "chunk_614",
    "chunk_615",
    "chunk_616",
    "chunk_617",
    "chunk_618",
    "chunk_619",
    "chunk_620",
    "chunk_621",
    "chunk_622",
    "chunk_623",
    "chunk_624",
    "chunk_625",
    "chunk_626",
    "chunk_627",
    "chunk_628",
    "chunk_629",
    "chunk_630",
    "chunk_631",
    "chunk_632",
    "chunk_633",
    "chunk_634",
    "chunk_635",
    "chunk_636",
    "chunk_637",
    "chunk_638",
    "chunk_639",
    "chunk_640",
    "chunk_641",
    "chunk_642",
    "chunk_643",
    "chunk_644",
    "chunk_645",
    "chunk_646",
    "chunk_647",
    "chunk_648",
    "chunk_649",
    "chunk_650",
    "chunk_651",
    "chunk_652",
    "chunk_653",
    "chunk_654",
    "chunk_655",
    "chunk_656",
    "chunk_657",
    "chunk_658",
    "chunk_659",
    "chunk_660",
    "chunk_661",
    "chunk_662",
    "chunk_663",
    "chunk_664",
    "chunk_665",
    "chunk_666",
    "chunk_667",
    "chunk_668",
    "chunk_669",
    "chunk_670",
    "chunk_671",
    "chunk_672",
    "chunk_673",
    "chunk_674",
    "chunk_675",
    "chunk_676",
    "chunk_677",
    "chunk_678",
    "chunk_679",
    "chunk_680",
    "chunk_681",
    "chunk_682",
    "chunk_683",
    "chunk_684",
    "chunk_685",
    "chunk_686",
    "chunk_687",
    "chunk_688",
    "chunk_689",
    "chunk_690",
    "chunk_691",
    "chunk_692",
    "chunk_693",
    "chunk_694",
    "chunk_695",
    "chunk_696",
    "chunk_697",
    "chunk_698",
    "chunk_699",
    "chunk_700",
    "chunk_701",
    "chunk_702",
    "chunk_703",
    "chunk_704",
    "chunk_705",
    "chunk_706",
    "chunk_707",
    "chunk_708",
    "chunk_709",
    "chunk_710",
    "chunk_711",
    "chunk_712",
    "chunk_713",
    "chunk_714",
    "chunk_715",
    "chunk_716",
    "chunk_717",
    "chunk_718",
    "chunk_719",
    "chunk_720",
    "chunk_721",
    "chunk_722",
    "chunk_723",
    "chunk_724",
    "chunk_725",
    "chunk_726",
    "chunk_727",
    "chunk_728",
    "chunk_729",
    "chunk_730",
    "chunk_731",
    "chunk_732",
    "chunk_733",
    "chunk_734",
    "chunk_735",
    "chunk_736",
    "chunk_737",
    "chunk_738",
    "chunk_739",
    "chunk_740",
    "chunk_741",
    "chunk_742",
    "chunk_743",
    "chunk_744",
    "chunk_745",
    "chunk_746",
    "chunk_747",
    "chunk_748",
    "chunk_749",
    "chunk_750",
    "chunk_751",
    "chunk_752",
    "chunk_753",
    "chunk_754",
    "chunk_755",
    "chunk_756",
    "chunk_757",
    "chunk_758",
    "chunk_759",
    "chunk_760",
    "chunk_761",
    "chunk_762",
    "chunk_763",
    "chunk_764",
    "chunk_765",
    "chunk_766",
    "chunk_767",
    "chunk_768",
    "chunk_769",
    "chunk_770",
    "chunk_771",
    "chunk_772",
    "chunk_773",
    "chunk_774",
    "chunk_775",
    "chunk_776",
    "chunk_777",
    "chunk_778",
    "chunk_779",
    "chunk_780",
    "chunk_781",
    "chunk_782",
    "chunk_783",
    "chunk_784",
    "chunk_785",
    "chunk_786",
    "chunk_787",
    "chunk_788",
    "chunk_789",
    "chunk_790",
    "chunk_791",
    "chunk_792",
    "chunk_793",
    "chunk_794",
    "chunk_795",
    "chunk_796",
    "chunk_797",
    "chunk_798",
    "chunk_799",
    "chunk_800",
    "chunk_801",
    "chunk_802",
    "chunk_803",
    "chunk_804",
    "chunk_805",
    "chunk_806",
    "chunk_807",
    "chunk_808",
    "chunk_809",
    "chunk_810",
    "chunk_811",
    "chunk_812",
    "chunk_813",
    "chunk_814",
    "chunk_815",
    "chunk_816",
    "chunk_817",
    "chunk_818",
    "chunk_819",
    "chunk_820",
    "chunk_821",
    "chunk_822",
    "chunk_823",
    "chunk_824",
    "chunk_825",
    "chunk_826",
    "chunk_827",
    "chunk_828",
    "chunk_829"
  ],
  "vocabulary_size": 7689,
  "total_chunks": 830
}