{
  "config": {
    "fixed_urls_path": "data/fixed_urls.json",
    "min_words": 200,
    "chunk_size": 300,
    "chunk_overlap": 50,
    "embedding_model": "sentence-transformers/all-MiniLM-L6-v2",
    "dense_index_type": "flat",
    "distance_metric": "cosine",
    "bm25_k1": 1.5,
    "bm25_b": 0.75,
    "use_stemming": true,
    "remove_stopwords": true,
    "rrf_k": 60,
    "fusion_alpha": 0.5,
    "llm_model": "distilgpt2",
    "llm_type": "causal",
    "max_length": 512,
    "temperature": 0.7,
    "top_k_dense": 20,
    "top_k_sparse": 20,
    "top_n_final": 10
  },
  "components_initialized": {
    "collector": true,
    "processor": true,
    "dense_retriever": true,
    "sparse_retriever": true,
    "fusion": true,
    "generator": true
  },
  "data_stats": {
    "articles_loaded": 0,
    "chunks_loaded": 830
  },
  "dense_index": {
    "total_vectors": 830,
    "embedding_dimension": 384,
    "index_type": "flat",
    "distance_metric": "cosine",
    "model_name": "sentence-transformers/all-MiniLM-L6-v2"
  },
  "sparse_index": {
    "total_documents": 830,
    "vocabulary_size": 7689,
    "avg_document_length": 112.42168674698796,
    "min_document_length": 1,
    "max_document_length": 695,
    "total_terms": 93310,
    "bm25_parameters": {
      "k1": 1.5,
      "b": 0.75
    },
    "preprocessing": {
      "use_stemming": true,
      "remove_stopwords": true,
      "min_term_freq": 1
    },
    "top_terms": {
      "comput": 1040,
      "use": 1025,
      "data": 994,
      "system": 721,
      "can": 673,
      "such": 533,
      "which": 514,
      "network": 513,
      "have": 482,
      "inform": 442,
      "secur": 439,
      "not": 391,
      "other": 386,
      "ha": 378,
      "robot": 370,
      "softwar": 369,
      "process": 350,
      "more": 342,
      "includ": 333,
      "internet": 333
    }
  },
  "generator": {
    "model_name": "distilgpt2",
    "model_type": "causal",
    "device": "cpu",
    "max_length": 512,
    "temperature": 0.7,
    "do_sample": true,
    "vocabulary_size": null
  }
}